<?xml version="1.0" encoding="UTF-8"?>
<!DOCTYPE suite SYSTEM "http://testng.org/testng-1.0.dtd">

<suite name="Regression Suite">

    <listeners>
         <listener class-name="com.babydestination.automation.customListner.Listener"></listener>
        <listener class-name="com.babydestination.automation.customListner.RetryListener"></listener>
        <listener class-name="com.babydestination.automation.customListner.Retry"></listener>
        <listener class-name="com.babydestination.automation.customListner.WebEventListener"></listener>
    </listeners>

    <test name="HomePageTest">
        <classes>
            <class name="com.babydestination.automation.homePage.homePageTestCases"></class>
        </classes>
    </test>
    <test name="BlogDetailPageTest">
        <classes>
            <class name="com.babydestination.automation.blogDetailPage.blogPageTestCases"></class>
        </classes>
    </test>
    <test name="LoginLogout page">
        <classes>
            <class name="com.babydestination.automation.loginSignup.loginPageTestCases"></class>
        </classes>
    </test>
    <test name="Forums page">
        <classes>
            <class name="com.babydestination.automation.forumPage.forumPageTestCases"></class>
        </classes>
    </test>

    <!--<test name="AddToCartTest">-->
        <!--<classes>-->
            <!--<class name="com.test.automation.uiAutomation.addToCart.TC001_VerifyAaddToCart"></class>-->
            <!--<class name="com.test.automation.uiAutomation.addToCart.TC002_VerifyFacebookLink"></class>-->
        <!--</classes>-->
    <!--</test>-->

</suite>